2012-01-03,11.997922000000001
2012-01-04,12.057688000000001
2012-01-05,12.072632
2012-01-06,12.012861000000001
2012-01-09,11.960566999999999
2012-01-10,12.00539
2012-01-11,11.982982000000002
2012-01-12,11.997922000000001
2012-01-13,11.953097
2012-01-16,12.020333000000001
2012-01-17,11.968038
2012-01-18,12.020333000000001
2012-01-19,12.072632
2012-01-20,12.035274000000001
2012-01-23,12.080096000000001
2012-01-24,12.065157000000001
2012-01-25,12.095039
2012-01-26,12.164075
2012-01-27,12.201596
2012-01-30,12.194094999999999
2012-01-31,12.299149999999999
2012-02-01,12.269138999999999
2012-02-02,12.344178999999999
2012-02-03,12.306654
2012-02-06,12.321664
2012-02-07,12.359182000000001
2012-02-08,12.329162
2012-02-09,12.344178999999999
2012-02-10,12.269138999999999
2012-02-13,12.336671000000001
2012-02-14,12.359182000000001
2012-02-15,12.359182000000001
2012-02-16,12.351678
2012-02-17,12.321664
2012-02-21,12.366688
2012-02-22,12.374188
2012-02-23,12.419214
2012-02-24,12.481014
2012-02-27,12.488555999999999
2012-02-28,12.526241000000001
2012-02-29,12.511165
2012-03-01,12.541310000000001
2012-03-02,12.571458999999999
2012-03-05,12.578996
2012-03-06,12.465944
2012-03-07,12.518701
2012-03-08,12.59407
2012-03-09,12.563924
2012-03-12,12.624219
2012-03-13,12.646828999999999
2012-03-14,12.511165
2012-03-15,12.556383
2012-03-16,12.556383
2012-03-19,12.518701
2012-03-20,12.465944
2012-03-21,12.458408
2012-03-22,12.465944
2012-03-23,12.458408
2012-03-26,12.398107000000001
2012-03-27,12.414767999999999
2012-03-28,12.407192999999999
2012-03-29,12.422335
2012-03-30,12.467753999999999
2012-04-02,12.475325
2012-04-03,12.482896
2012-04-04,12.460185000000001
2012-04-05,12.475325
2012-04-09,12.482896
2012-04-10,12.437477000000001
2012-04-11,12.482896
2012-04-12,12.551022
2012-04-13,12.482896
2012-04-16,12.505604
2012-04-17,12.551022
2012-04-18,12.528316999999999
2012-04-19,12.573734
2012-04-20,12.498034000000001
2012-04-23,12.551022
2012-04-24,12.573734
2012-04-25,12.560048
2012-04-26,12.544843
2012-04-27,12.590465
2012-04-30,12.605663
2012-05-01,12.628477999999999
2012-05-02,12.712106
2012-05-03,12.750123
2012-05-04,12.734917999999999
2012-05-07,12.765330000000001
2012-05-08,12.712106
2012-05-09,12.651282
2012-05-10,12.651282
2012-05-11,12.651282
2012-05-14,12.506832000000001
2012-05-15,12.461211
2012-05-16,12.362374000000001
2012-05-17,12.331961999999999
2012-05-18,12.217917999999999
2012-05-22,12.369978
2012-05-23,12.293948
2012-05-24,12.278741
2012-05-25,12.286346
2012-05-28,12.318415
2012-05-29,12.264963
2012-05-30,12.272596
2012-05-31,12.280235000000001
2012-06-01,12.09695
2012-06-04,12.188592
2012-06-05,12.280235000000001
2012-06-06,12.341330000000001
2012-06-07,12.425336999999999
2012-06-08,12.532250999999999
2012-06-11,12.486432000000001
2012-06-12,12.547527000000001
2012-06-13,12.593349999999999
2012-06-14,12.631537
2012-06-15,12.600982999999999
2012-06-18,12.692632000000001
2012-06-19,12.746089
2012-06-20,12.715539999999999
2012-06-21,12.700265
2012-06-22,12.692632000000001
2012-06-25,12.700265
2012-06-26,12.646588000000001
2012-06-27,12.715607
2012-06-28,12.692601
2012-06-29,12.776961999999999
2012-07-03,12.899668
2012-07-04,12.938019000000001
2012-07-05,12.884326
2012-07-06,12.915006
2012-07-09,12.915006
2012-07-10,12.838315
2012-07-11,12.968688999999999
2012-07-12,12.945683000000001
2012-07-13,12.968688999999999
2012-07-16,13.030046
2012-07-17,13.106736
2012-07-18,13.091402
2012-07-19,13.076062
2012-07-20,13.083730000000001
2012-07-23,13.068388000000001
2012-07-24,13.022374000000001
2012-07-25,13.053052000000001
2012-07-26,13.045349
2012-07-27,13.114660000000001
2012-07-30,13.137760999999999
2012-07-31,13.191669000000001
2012-08-01,13.237876999999999
2012-08-02,13.253273999999999
2012-08-03,13.322579999999999
2012-08-07,13.345685999999999
2012-08-08,13.284079999999999
2012-08-09,13.230173000000001
2012-08-10,13.199373999999999
2012-08-13,13.191669000000001
2012-08-14,13.207073999999999
2012-08-15,13.183967000000001
2012-08-16,13.145466000000001
2012-08-17,13.114660000000001
2012-08-20,13.137760999999999
2012-08-21,13.168569
2012-08-22,13.237876999999999
2012-08-23,13.291779999999999
2012-08-24,13.276379
2012-08-27,13.291779999999999
2012-08-28,13.299517000000002
2012-08-29,13.314976999999999
2012-08-30,13.322713
2012-08-31,13.314976999999999
2012-09-04,13.322713
2012-09-05,13.361374
2012-09-06,13.4155
2012-09-07,13.461886999999999
2012-09-10,13.485088000000001
2012-09-11,13.516020999999999
2012-09-12,13.52375
2012-09-13,13.516020999999999
2012-09-14,13.516020999999999
2012-09-17,13.516020999999999
2012-09-18,13.546946999999999
2012-09-19,13.570139999999999
2012-09-20,13.546946999999999
2012-09-21,13.546946999999999
2012-09-24,13.531482
2012-09-25,13.553217000000002
2012-09-26,13.537692000000002
2012-09-27,13.576504000000002
2012-09-28,13.623076000000001
2012-10-01,13.607552999999999
2012-10-02,13.6386
2012-10-03,13.692938
2012-10-04,13.661889000000002
2012-10-05,13.654129999999999
2012-10-09,13.623076000000001
2012-10-10,13.630835999999999
2012-10-11,13.685173000000001
2012-10-12,13.762801000000001
2012-10-15,13.817139000000001
2012-10-16,13.832661999999999
2012-10-17,13.848188
2012-10-18,13.840426999999998
2012-10-19,13.809379999999999
2012-10-22,13.817139000000001
2012-10-23,13.770565
2012-10-24,13.739521
2012-10-25,13.700702
2012-10-26,13.714726999999998
2012-10-29,13.738099999999999
2012-10-30,13.777064999999999
2012-10-31,13.613429
2012-11-01,13.636806
2012-11-02,13.605634
2012-11-05,13.667973000000002
2012-11-06,13.691343
2012-11-07,13.667973000000002
2012-11-08,13.714726999999998
2012-11-09,13.706938000000001
2012-11-12,13.730317000000001
2012-11-13,13.706938000000001
2012-11-14,13.660176999999999
2012-11-15,13.644601000000002
2012-11-16,13.597841000000001
2012-11-19,13.629009
2012-11-20,13.644601000000002
2012-11-21,13.636806
2012-11-22,13.714726999999998
2012-11-23,13.652389999999999
2012-11-26,13.644601000000002
2012-11-27,13.674320000000002
2012-11-28,13.705614000000001
2012-11-29,13.776028
2012-11-30,13.783842000000002
2012-12-03,13.807309
2012-12-04,13.799488
2012-12-05,13.830785999999998
2012-12-06,13.862072
2012-12-07,13.846429999999998
2012-12-10,13.846429999999998
2012-12-11,13.862072
2012-12-12,13.869895000000001
2012-12-13,13.822957999999998
2012-12-14,13.854246
2012-12-17,13.854246
2012-12-18,13.838601999999998
2012-12-19,13.854246
2012-12-20,13.885541
2012-12-21,13.932475
2012-12-24,13.930907999999999
2012-12-27,13.938766000000001
2012-12-28,13.946610999999999
2012-12-31,13.938766000000001
2013-01-02,13.946610999999999
2013-01-03,13.970172
2013-01-04,13.92305
2013-01-07,13.954464000000002
2013-01-08,13.875937
2013-01-09,13.852376999999999
2013-01-10,13.813114000000001
2013-01-11,13.765995999999999
2013-01-14,13.805261999999999
2013-01-15,13.820970000000001
2013-01-16,13.813114000000001
2013-01-17,13.813114000000001
2013-01-18,13.868082999999999
2013-01-21,13.92305
2013-01-22,13.844523000000001
2013-01-23,13.860234
2013-01-24,13.875937
2013-01-25,13.805261999999999
2013-01-28,13.780033999999999
2013-01-29,13.756383
2013-01-30,13.622368
2013-01-31,13.646015
2013-02-01,13.598723999999999
2013-02-04,13.535651000000001
2013-02-05,13.622368
2013-02-06,13.598723999999999
2013-02-07,13.677554000000001
2013-02-08,13.709085
2013-02-11,13.740623000000001
2013-02-12,13.724851000000001
2013-02-13,13.693318
2013-02-14,13.693318
2013-02-15,13.709085
2013-02-19,13.732733999999999
2013-02-20,13.582947000000001
2013-02-21,13.622368
2013-02-22,13.567183999999999
2013-02-25,13.581431
2013-02-26,13.684317999999999
2013-02-27,13.684317999999999
2013-02-28,13.668493
2013-03-01,13.557689000000002
2013-03-04,13.613091000000001
2013-03-05,13.700149
2013-03-06,13.715979999999998
2013-03-07,13.676404999999999
2013-03-08,13.621
2013-03-11,13.628917999999999
2013-03-12,13.605178
2013-03-13,13.58935
2013-03-14,13.636835000000001
2013-03-15,13.652659
2013-03-18,13.621
2013-03-19,13.557689000000002
2013-03-20,13.605178
2013-03-21,13.58935
2013-03-22,13.565598000000001
2013-03-25,13.556069000000001
2013-03-26,13.556069000000001
2013-03-27,13.524284
2013-03-28,13.532228
2013-04-01,13.540175
2013-04-02,13.556069000000001
2013-04-03,13.595792999999999
2013-04-04,13.714990999999999
2013-04-05,13.873914000000001
2013-04-08,13.889807999999999
2013-04-09,13.865970000000001
2013-04-10,13.889807999999999
2013-04-11,13.945426999999999
2013-04-12,13.977209
2013-04-15,13.953373000000001
2013-04-16,13.937479999999999
2013-04-17,13.897748000000002
2013-04-18,13.881860000000001
2013-04-19,13.897748000000002
2013-04-22,13.897748000000002
2013-04-23,13.905695999999999
2013-04-24,13.905695999999999
2013-04-25,13.928032
2013-04-26,13.912082
2013-04-29,13.951959
2013-04-30,13.983867999999999
2013-05-01,13.991853000000001
2013-05-02,14.063638000000001
2013-05-03,14.031734
2013-05-06,14.031734
2013-05-07,13.991853000000001
2013-05-08,13.999825
2013-05-09,14.007806
2013-05-10,13.920052999999999
2013-05-13,13.848264000000002
2013-05-14,13.848264000000002
2013-05-15,13.800398999999999
2013-05-16,13.880174999999999
2013-05-17,13.856235999999999
2013-05-21,13.784444000000001
2013-05-22,13.808375
2013-05-23,13.728601999999999
2013-05-24,13.71265
2013-05-27,13.704670000000002
2013-05-28,13.614974999999999
2013-05-29,13.430771999999999
2013-05-30,13.494845999999999
2013-05-31,13.422767000000002
2013-06-03,13.326654000000001
2013-06-04,13.414757
2013-06-05,13.270591
2013-06-06,13.366698000000001
2013-06-07,13.254576999999999
2013-06-10,13.054357000000001
2013-06-11,12.886169000000001
2013-06-12,13.094399000000001
2013-06-13,13.214532999999999
2013-06-14,13.326654000000001
2013-06-17,13.278601999999999
2013-06-18,13.094399000000001
2013-06-19,12.950241
2013-06-20,12.517767999999998
2013-06-21,12.389627000000001
2013-06-24,12.109316
2013-06-25,12.475292
2013-06-26,12.467250999999999
2013-06-27,12.684419999999999
2013-06-28,12.748766
2013-07-02,12.805067999999999
2013-07-03,12.764854
2013-07-04,12.813116000000001
2013-07-05,12.539639999999999
2013-07-08,12.62007
2013-07-09,12.636161
2013-07-10,12.515509
2013-07-11,12.676377
2013-07-12,12.628117999999999
2013-07-15,12.740722999999999
2013-07-16,12.861373
2013-07-17,12.973985000000001
2013-07-18,13.014200000000001
2013-07-19,13.078546000000001
2013-07-22,13.070503
2013-07-23,13.110714999999999
2013-07-24,13.014200000000001
2013-07-25,13.006153999999999
2013-07-26,13.002119
2013-07-29,12.921355
2013-07-30,12.832524000000001
2013-07-31,12.759841999999999
2013-08-01,12.792145
2013-08-02,12.864825999999999
2013-08-06,12.905206
2013-08-07,12.800219999999999
2013-08-08,12.840600999999999
2013-08-09,12.905206
2013-08-12,12.889053000000001
2013-08-13,12.800219999999999
2013-08-14,12.832524000000001
2013-08-15,12.784071000000001
2013-08-16,12.743691
2013-08-19,12.614478
2013-08-20,12.566024000000001
2013-08-21,12.541791
2013-08-22,12.533719
2013-08-23,12.671010000000001
2013-08-26,12.630628999999999
2013-08-27,12.537369
2013-08-28,12.488710000000001
2013-08-29,12.488710000000001
2013-08-30,12.464378
2013-09-03,12.367066000000001
2013-09-04,12.456272
2013-09-05,12.399507
2013-09-06,12.513041000000001
2013-09-09,12.513041000000001
2013-09-10,12.472488999999999
2013-09-11,12.569804
2013-09-12,12.594134
2013-09-13,12.594134
2013-09-16,12.740105
2013-09-17,12.813095000000001
2013-09-18,13.178020999999999
2013-09-19,13.064492
2013-09-20,13.056379
2013-09-23,13.040160999999999
2013-09-24,13.048271000000002
2013-09-25,12.987202
2013-09-26,12.970917
2013-09-27,12.946492999999998
2013-09-30,12.962776
2013-10-01,12.930204
2013-10-02,12.913917
2013-10-03,12.881350999999999
2013-10-04,12.905777
2013-10-07,12.962776
2013-10-08,13.027911
2013-10-09,13.011628
2013-10-10,13.027911
2013-10-11,13.093052
2013-10-15,13.068624
2013-10-16,13.158195000000001
2013-10-17,13.280327999999999
2013-10-18,13.264045999999999
2013-10-21,13.296616
2013-10-22,13.321041000000001
2013-10-23,13.353615
2013-10-24,13.304755999999999
2013-10-25,13.353615
2013-10-28,13.300475
2013-10-29,13.251426
2013-10-30,13.177857999999999
2013-10-31,13.251426
2013-11-01,13.218729000000002
2013-11-04,13.210551000000001
2013-11-05,13.112453
2013-11-06,13.136979999999999
2013-11-07,13.128798000000002
2013-11-08,13.022527999999999
2013-11-11,13.014358
2013-11-12,12.891734
2013-11-13,12.916258000000001
2013-11-14,13.014358
2013-11-15,13.104280000000001
2013-11-18,13.177857999999999
2013-11-19,13.047053
2013-11-20,13.022527999999999
2013-11-21,13.055230999999999
2013-11-22,13.079756
2013-11-25,13.145152
2013-11-26,13.149255999999999
2013-11-27,13.116423999999999
2013-11-28,13.124635000000001
2013-11-29,13.198503000000001
2013-12-02,12.968682000000001
2013-12-03,13.083591
2013-12-04,12.985094999999999
2013-12-05,13.034348
2013-12-06,13.058968999999999
2013-12-09,13.149255999999999
2013-12-10,13.239545000000001
2013-12-11,13.190295000000001
2013-12-12,13.231335000000001
2013-12-13,13.247754
2013-12-16,13.198503000000001
2013-12-17,13.264170999999999
2013-12-18,13.223127999999999
2013-12-19,13.206712
2013-12-20,13.247754
2013-12-23,13.297000000000001
2013-12-24,13.313518999999999
2013-12-27,13.297000000000001
2013-12-30,13.313518999999999
2013-12-31,13.280482000000001
2014-01-02,13.214411999999999
2014-01-03,13.272224
2014-01-06,13.280482000000001
2014-01-07,13.272224
2014-01-08,13.222670000000001
2014-01-09,13.189634
2014-01-10,13.230929000000001
2014-01-13,13.230929000000001
2014-01-14,13.230929000000001
2014-01-15,13.206151999999999
2014-01-16,13.280482000000001
2014-01-17,13.288742000000001
2014-01-20,13.230929000000001
2014-01-21,13.255707999999998
2014-01-22,13.239189000000001
2014-01-23,13.115302999999999
2014-01-24,12.999678999999999
2014-01-27,12.958380999999999
2014-01-28,13.003997
2014-01-29,13.086927000000001
2014-01-30,13.045461
2014-01-31,13.003997
2014-02-03,12.945943
2014-02-04,13.078635
2014-02-05,13.103517
2014-02-06,13.178153
2014-02-07,13.261089000000002
2014-02-10,13.203035
2014-02-11,13.236212
2014-02-12,13.211328
2014-02-13,13.219619
2014-02-14,13.203035
2014-02-18,13.227917999999999
2014-02-19,13.211328
2014-02-20,13.219619
2014-02-21,13.269385
2014-02-24,13.39378
2014-02-25,13.397948000000001
2014-02-26,13.439582000000001
2014-02-27,13.481216
2014-02-28,13.489542000000002
2014-03-03,13.414601000000001
2014-03-04,13.472885
2014-03-05,13.481216
2014-03-06,13.506195999999999
2014-03-07,13.506195999999999
2014-03-10,13.489542000000002
2014-03-11,13.431253
2014-03-12,13.447913
2014-03-13,13.389617999999999
2014-03-14,13.464560999999998
2014-03-17,13.439582000000001
2014-03-18,13.489542000000002
2014-03-19,13.531176
2014-03-20,13.481216
2014-03-21,13.489542000000002
2014-03-24,13.581137
2014-03-25,13.606116
2014-03-26,13.601937
2014-03-27,13.71062
2014-03-28,13.752419
2014-03-31,13.744060999999999
2014-04-01,13.760781
2014-04-02,13.702257000000001
2014-04-03,13.727342999999999
2014-04-04,13.827662
2014-04-07,13.794224
2014-04-08,13.819304000000001
2014-04-09,13.836020000000001
2014-04-10,13.927987
2014-04-11,13.927987
2014-04-14,13.927987
2014-04-15,13.844379999999999
2014-04-16,13.8611
2014-04-17,13.877826999999998
2014-04-21,13.8611
2014-04-22,13.877826999999998
2014-04-23,13.919622
2014-04-24,13.902901999999999
2014-04-25,13.848348999999999
2014-04-28,13.881926000000002
2014-04-29,13.873528
2014-04-30,13.932278
2014-05-01,13.890313000000001
2014-05-02,13.940670000000001
2014-05-05,13.982632999999998
2014-05-06,13.982632999999998
2014-05-07,14.091741000000001
2014-05-08,14.184064000000001
2014-05-09,14.041385
2014-05-12,14.108533999999999
2014-05-13,14.175675
2014-05-14,14.234423999999999
2014-05-15,14.200853
2014-05-16,14.226032
2014-05-20,14.184064000000001
2014-05-21,14.200853
2014-05-22,14.192460000000001
2014-05-23,14.192460000000001
2014-05-26,14.167276000000001
2014-05-27,14.230468999999999
2014-05-28,14.323148000000002
2014-05-29,14.247323999999999
2014-05-30,14.331576999999999
2014-06-02,14.314729999999999
2014-06-03,14.188343
2014-06-04,14.222045999999999
2014-06-05,14.281025
2014-06-06,14.41583
2014-06-09,14.424253
2014-06-10,14.365275
2014-06-11,14.306301000000001
2014-06-12,14.323148000000002
2014-06-13,14.306301000000001
2014-06-16,14.238895000000001
2014-06-17,14.196764999999999
2014-06-18,14.196764999999999
2014-06-19,14.222045999999999
2014-06-20,14.323148000000002
2014-06-23,14.398978
2014-06-24,14.491655999999999
2014-06-25,14.489967000000002
2014-06-26,14.540717000000001
2014-06-27,14.549179000000001
2014-06-30,14.583007
2014-07-02,14.422294000000001
2014-07-03,14.456129000000001
2014-07-04,14.447671
2014-07-07,14.515344000000001
2014-07-08,14.532263
2014-07-09,14.633767000000001
2014-07-10,14.591475000000001
2014-07-11,14.625310000000001
2014-07-14,14.650688000000001
2014-07-15,14.566098
2014-07-16,14.574554000000001
2014-07-17,14.515344000000001
2014-07-18,14.506885999999998
2014-07-21,14.583007
2014-07-22,14.642226999999998
2014-07-23,14.735273000000001
2014-07-24,14.726814000000001
2014-07-25,14.743731
2014-07-28,14.657114000000002
2014-07-29,14.572191
2014-07-30,14.6656
2014-07-31,14.538221
2014-08-01,14.291957999999999
2014-08-05,14.504258999999999
2014-08-06,14.478779000000001
2014-08-07,14.436326999999999
2014-08-08,14.563704000000001
2014-08-11,14.563704000000001
2014-08-12,14.529738
2014-08-13,14.580681
2014-08-14,14.597667000000001
2014-08-15,14.614652
2014-08-18,14.623148
2014-08-19,14.648620000000001
2014-08-20,14.589172
2014-08-21,14.640129999999999
2014-08-22,14.580681
2014-08-25,14.589172
2014-08-26,14.672725
2014-08-27,14.706833999999999
2014-08-28,14.706833999999999
2014-08-29,14.698304
2014-09-02,14.681257
2014-09-03,14.681257
2014-09-04,14.732409000000001
2014-09-05,14.715358999999999
2014-09-08,14.715358999999999
2014-09-09,14.655675
2014-09-10,14.578949
2014-09-11,14.570423999999999
2014-09-12,14.553370000000001
2014-09-15,14.493689999999999
2014-09-16,14.544845
2014-09-17,14.553370000000001
2014-09-18,14.544845
2014-09-19,14.519273000000002
2014-09-22,14.536318
2014-09-23,14.544845
2014-09-24,14.587475
2014-09-25,14.593464000000001
2014-09-26,14.584907000000001
2014-09-29,14.499310999999999
2014-09-30,14.559226999999998
2014-10-01,14.542104999999999
2014-10-02,14.524988
2014-10-03,14.473637
2014-10-06,14.593464000000001
2014-10-07,14.524988
2014-10-08,14.576344000000001
2014-10-09,14.644820999999999
2014-10-10,14.533548000000001
2014-10-14,14.576344000000001
2014-10-15,14.627703
2014-10-16,14.490751000000001
2014-10-17,14.636260999999999
2014-10-20,14.67905
2014-10-21,14.696171
2014-10-22,14.704734
2014-10-23,14.670499
2014-10-24,14.745254000000001
2014-10-27,14.719476
2014-10-28,14.734139000000001
2014-10-29,14.785901000000001
2014-10-30,14.85491
2014-10-31,14.837657999999999
2014-11-03,14.768648000000001
2014-11-04,14.751392000000001
2014-11-05,14.742766
2014-11-06,14.742766
2014-11-07,14.760021
2014-11-10,14.699636999999999
2014-11-11,nan
2014-11-12,14.682375
2014-11-13,14.665125
2014-11-14,14.647876999999999
2014-11-17,14.656501
2014-11-18,14.621995000000002
2014-11-19,14.647876999999999
2014-11-20,14.699636999999999
2014-11-21,14.716887
2014-11-24,14.73161
2014-11-25,14.783571999999999
2014-11-26,14.783571999999999
2014-11-27,14.74893
2014-11-28,14.757595999999999
2014-12-01,14.636345
2014-12-02,14.67099
2014-12-03,14.662326999999999
2014-12-04,14.688307999999999
2014-12-05,14.593043
2014-12-08,14.497776000000002
2014-12-09,14.532416
2014-12-10,14.289918
2014-12-11,14.324567999999999
2014-12-12,14.125370000000002
2014-12-15,13.960820999999999
2014-12-16,13.891535999999999
2014-12-17,14.194654000000002
2014-12-18,14.134031
2014-12-19,14.411169000000001
2014-12-22,14.463134
2014-12-23,14.489113
2014-12-24,14.483006
2014-12-29,14.526629999999999
2014-12-30,14.526629999999999
2014-12-31,14.404485000000001
2015-01-02,14.395760999999998
2015-01-05,14.195089999999999
2015-01-06,14.177647
2015-01-07,14.395760999999998
2015-01-08,14.378309
2015-01-09,14.413213000000001
2015-01-12,14.378309
2015-01-13,14.395760999999998
2015-01-14,14.44811
2015-01-15,14.439378
2015-01-16,14.561529
2015-01-19,14.421934
2015-01-20,14.483006
2015-01-21,14.456833999999999
2015-01-22,14.491732999999998
2015-01-23,14.605153
2015-01-26,14.421934
2015-01-27,14.576989999999999
2015-01-28,14.506907999999999
2015-01-29,14.638309
2015-01-30,14.647070999999999
2015-02-02,14.629553
2015-02-03,14.708394
2015-02-04,14.612029000000001
2015-02-05,14.699635999999998
2015-02-06,14.629553
2015-02-09,14.576989999999999
2015-02-10,14.471867000000001
2015-02-11,14.498148
2015-02-12,14.559469
2015-02-13,14.655832
2015-02-17,14.638309
2015-02-18,14.594513000000001
2015-02-19,14.612029000000001
2015-02-20,14.664591
2015-02-23,14.585751999999999
2015-02-24,14.715047
2015-02-25,14.794204999999998
2015-02-26,14.759029
2015-02-27,14.741432999999999
2015-03-02,14.802999
2015-03-03,14.829389000000001
2015-03-04,14.741432999999999
2015-03-05,14.794204999999998
2015-03-06,14.732635
2015-03-09,14.732635
2015-03-10,14.679867999999999
2015-03-11,14.697452999999999
2015-03-12,14.662269
2015-03-13,14.600702999999999
2015-03-16,14.512742999999999
2015-03-17,14.556723999999999
2015-03-18,14.565520000000001
2015-03-19,14.715047
2015-03-20,14.820595999999998
2015-03-23,14.838185000000001
2015-03-24,14.864568999999999
2015-03-25,14.952529
2015-03-26,14.843913000000001
2015-03-27,14.782101999999998
2015-03-30,14.888066
2015-03-31,14.861573000000002
2015-04-01,14.861573000000002
2015-04-02,14.923384
2015-04-06,15.038182000000001
2015-04-07,14.941048
2015-04-08,15.055845000000001
2015-04-09,14.958708999999999
2015-04-10,15.011689000000002
2015-04-13,15.011689000000002
2015-04-14,15.038182000000001
2015-04-15,15.029354000000001
2015-04-16,15.002862
2015-04-17,14.949878
2015-04-20,14.932217999999999
2015-04-21,14.905725
2015-04-22,14.958708999999999
2015-04-23,15.011689000000002
2015-04-24,15.064673000000001
2015-04-27,15.097470000000001
2015-04-28,15.062014000000001
2015-04-29,14.973367999999999
2015-04-30,14.937901
2015-05-01,14.982225
2015-05-04,14.982225
2015-05-05,14.911301999999999
2015-05-06,14.964492000000002
2015-05-07,14.946767000000001
2015-05-08,15.026553
2015-05-11,14.920172000000001
2015-05-12,14.840385999999999
2015-05-13,14.875845999999999
2015-05-14,14.893573000000002
2015-05-15,14.937901
2015-05-19,14.804919
2015-05-20,14.911301999999999
2015-05-21,14.982225
2015-05-22,14.982225
2015-05-25,15.017689000000001
2015-05-26,14.952716000000001
2015-05-27,14.961614000000001
2015-05-28,14.943809
2015-05-29,14.952716000000001
2015-06-01,14.863713000000001
2015-06-02,14.819205999999999
2015-06-03,14.837010999999999
2015-06-04,14.828107999999999
2015-06-05,14.783605999999999
2015-06-08,14.685701000000002
2015-06-09,14.694601
2015-06-10,14.596695
2015-06-11,14.685701000000002
2015-06-12,14.6234
2015-06-15,14.543296
2015-06-16,14.596695
2015-06-17,14.6234
2015-06-18,14.658999
2015-06-19,14.774706
2015-06-22,14.792507999999998
2015-06-23,14.765804000000001
2015-06-24,14.819205999999999
2015-06-25,14.756679999999999
2015-06-26,14.72095
2015-06-29,14.774544000000001
2015-06-30,14.765613
2015-07-02,14.783477
2015-07-03,14.828142999999999
2015-07-06,14.72095
2015-07-07,14.783477
2015-07-08,14.729879
2015-07-09,14.828142999999999
2015-07-10,14.810276999999999
2015-07-13,14.765613
2015-07-14,14.72095
2015-07-15,14.756679999999999
2015-07-16,14.837071
2015-07-17,14.863871
2015-07-20,14.828142999999999
2015-07-21,14.801342000000002
2015-07-22,14.846009
2015-07-23,14.819205999999999
2015-07-24,14.738814999999999
2015-07-27,14.729879
2015-07-28,14.738848000000001
2015-07-29,14.792638
2015-07-30,14.819533999999999
2015-07-31,14.774707999999999
2015-08-04,14.819533999999999
2015-08-05,14.747814000000002
2015-08-06,14.756774999999999
2015-08-07,14.729879
2015-08-10,14.685054999999998
2015-08-11,14.756774999999999
2015-08-12,14.756774999999999
2015-08-13,14.738848000000001
2015-08-14,14.729879
2015-08-17,14.774707999999999
2015-08-18,14.71195
2015-08-19,14.702982999999998
2015-08-20,14.658160000000001
2015-08-21,14.559541000000001
2015-08-24,14.344374999999999
2015-08-25,14.496785999999998
2015-08-26,14.514782
2015-08-27,14.658760000000001
2015-08-28,14.667760000000001
2015-08-31,14.811738
2015-09-01,14.730748
2015-09-02,14.811738
2015-09-03,14.811738
2015-09-04,14.820731
2015-09-08,14.802739000000001
2015-09-09,14.829730999999999
2015-09-10,14.829730999999999
2015-09-11,14.838732
2015-09-14,14.847729999999999
2015-09-15,14.829730999999999
2015-09-16,14.937716
2015-09-17,14.937716
2015-09-18,15.018704999999999
2015-09-21,14.901721999999999
2015-09-22,14.811738
2015-09-23,14.802739000000001
2015-09-24,14.757742000000002
2015-09-25,14.757742000000002
2015-09-28,14.667426000000001
2015-09-29,14.730648
2015-09-30,14.857094
2015-10-01,14.676458999999999
2015-10-02,14.947410999999999
2015-10-05,15.073853
2015-10-06,15.064820999999998
2015-10-07,15.128042000000001
2015-10-08,15.046756
2015-10-09,15.073853
2015-10-13,14.992567999999999
2015-10-14,15.064820999999998
2015-10-15,15.173198999999999
2015-10-16,15.191266000000001
2015-10-19,15.128042000000001
2015-10-20,15.073853
2015-10-21,15.100951999999999
2015-10-22,15.137074999999999
2015-10-23,15.173198999999999
2015-10-26,15.164167000000001
2015-10-27,15.091659
2015-10-28,15.028207999999999
2015-10-29,15.109785999999998
2015-10-30,15.055403
2015-11-02,15.055403
2015-11-03,15.109785999999998
2015-11-04,15.064469000000001
2015-11-05,15.109785999999998
2015-11-06,15.001014999999999
2015-11-09,14.928502999999999
2015-11-10,15.001014999999999
2015-11-11,15.028207999999999
2015-11-12,15.010081
2015-11-13,14.910375
2015-11-16,15.055403
2015-11-17,15.073526999999999
2015-11-18,15.11885
2015-11-19,15.091659
2015-11-20,15.136976000000001
2015-11-23,15.109785999999998
2015-11-24,15.091659
2015-11-25,15.109851000000001
2015-11-26,15.237204
2015-11-27,15.027976999999998
2015-11-30,15.109851000000001
2015-12-01,15.082560999999998
2015-12-02,15.009786999999999
2015-12-03,14.964305
2015-12-04,14.955204999999999
2015-12-07,14.918818
2015-12-08,14.937010999999998
2015-12-09,15.037076999999998
2015-12-10,14.991591
2015-12-11,14.727785000000001
2015-12-14,14.782363
2015-12-15,14.873331
2015-12-16,14.800556
2015-12-17,14.918818
2015-12-18,14.800556
2015-12-21,14.818751999999998
2015-12-22,14.818751999999998
2015-12-23,14.882431
2015-12-24,14.909822
2015-12-29,14.873301000000001
2015-12-30,14.882429999999999
2015-12-31,14.891558999999999
2016-01-04,14.791126
2016-01-05,14.891558999999999
2016-01-06,14.909822
2016-01-07,14.836779999999999
2016-01-08,14.809386999999999
2016-01-11,14.791126
2016-01-12,14.754604999999998
2016-01-13,14.608521
2016-01-14,14.763736999999999
2016-01-15,14.590263
2016-01-18,14.590263
2016-01-19,14.699824
2016-01-20,14.672431
2016-01-21,14.736344000000001
2016-01-22,14.845904999999998
2016-01-25,14.781997
2016-01-26,14.827817000000001
2016-01-27,14.873635999999999
2016-01-28,14.937789000000002
2016-01-29,14.983611999999999
2016-02-01,14.928626000000001
2016-02-02,14.928626000000001
2016-02-03,15.001938000000001
2016-02-04,14.965282
2016-02-05,14.956118
2016-02-08,14.928626000000001
2016-02-09,14.882804
2016-02-10,15.001938000000001
2016-02-11,14.901130999999999
2016-02-12,15.029431000000001
2016-02-16,15.029431000000001
2016-02-17,15.084419
2016-02-18,15.066088000000001
2016-02-19,15.093577999999999
2016-02-22,15.11191
2016-02-23,15.130241
2016-02-24,15.157829000000001
2016-02-25,15.203818
2016-02-26,15.240610999999999
2016-02-29,15.185426000000001
2016-03-01,15.433763000000001
2016-03-02,15.295795999999999
2016-03-03,15.277403
2016-03-04,15.323392999999999
2016-03-07,15.350980999999999
2016-03-08,15.268201999999999
2016-03-09,15.286598999999999
2016-03-10,15.295795999999999
2016-03-11,15.442963000000001
2016-03-14,15.304994000000001
2016-03-15,15.295795999999999
2016-03-16,15.304994000000001
2016-03-17,15.470549999999999
2016-03-18,15.452157999999999
2016-03-21,15.507345999999998
2016-03-22,15.406167000000002
2016-03-23,15.360179
2016-03-24,15.304994000000001
2016-03-28,15.325307999999998
2016-03-29,15.371463
2016-03-30,15.426860000000001
2016-03-31,15.482251000000002
2016-04-01,15.454556
2016-04-04,15.426860000000001
2016-04-05,15.362232000000001
2016-04-06,15.454556
2016-04-07,15.297607999999999
2016-04-08,15.417623999999998
2016-04-11,15.43609
2016-04-12,15.445323999999999
2016-04-13,15.463787
2016-04-14,15.482251000000002
2016-04-15,15.556108999999999
2016-04-18,15.528411999999999
2016-04-19,15.565341
2016-04-20,15.602270000000001
2016-04-21,15.519182999999998
2016-04-22,15.482251000000002
2016-04-25,15.417623999999998
2016-04-26,15.502877
2016-04-27,15.567739000000001
2016-04-28,15.577007999999999
2016-04-29,15.549210999999998
2016-05-02,15.586276000000002
2016-05-03,15.549210999999998
2016-05-04,15.567739000000001
2016-05-05,15.549210999999998
2016-05-06,15.539942999999999
2016-05-09,15.567739000000001
2016-05-10,15.623342999999998
2016-05-11,15.660410000000001
2016-05-12,15.669679
2016-05-13,15.641876999999999
2016-05-16,15.660410000000001
2016-05-17,15.623342999999998
2016-05-18,15.493608999999999
2016-05-19,15.428747
2016-05-20,15.484345999999999
2016-05-24,15.588514000000002
2016-05-25,15.588514000000002
2016-05-26,15.65574
2016-05-27,15.599720000000001
2016-05-30,15.674404000000001
2016-05-31,15.581048999999998
2016-06-01,15.646397
2016-06-02,15.693076999999999
2016-06-03,15.777094
2016-06-06,15.814439999999999
2016-06-07,15.777094
2016-06-08,15.870454000000001
2016-06-09,15.870454000000001
2016-06-10,15.851776000000001
2016-06-13,15.795766
2016-06-14,15.68374
2016-06-15,15.889122
2016-06-16,15.814439999999999
2016-06-17,15.814439999999999
2016-06-20,15.851776000000001
2016-06-21,15.851776000000001
2016-06-22,15.879789000000001
2016-06-23,15.963813
2016-06-24,15.786429
2016-06-27,15.865151000000001
2016-06-28,16.015082999999997
2016-06-29,16.136904000000001
2016-06-30,16.155649
2016-07-04,16.146279999999997
2016-07-05,16.146279999999997
2016-07-06,16.202503
2016-07-07,16.230619000000001
2016-07-08,16.361814000000003
2016-07-11,16.352439999999998
2016-07-12,16.305585999999998
2016-07-13,16.286843999999999
2016-07-14,16.249360999999997
2016-07-15,16.296213000000002
2016-07-18,16.296213000000002
2016-07-19,16.249360999999997
2016-07-20,16.296213000000002
2016-07-21,16.268098999999999
2016-07-22,16.277474999999999
2016-07-25,16.239988
2016-07-26,16.159101
2016-07-27,16.206129000000001
2016-07-28,16.262566
2016-07-29,16.318998000000001
2016-08-02,16.187317
2016-08-03,16.168503000000001
2016-08-04,16.337810999999999
2016-08-05,16.309587000000001
2016-08-08,16.356623000000003
2016-08-09,16.507114000000001
2016-08-10,16.478895000000001
2016-08-11,16.328403000000002
2016-08-12,16.431864000000001
2016-08-15,16.460086999999998
2016-08-16,16.450679999999998
2016-08-17,16.375429
2016-08-18,16.507114000000001
2016-08-19,16.422461999999999
2016-08-22,16.422461999999999
2016-08-23,16.488303999999999
2016-08-24,16.366023999999999
2016-08-25,16.394242999999999
2016-08-26,16.388579999999997
2016-08-29,16.435782999999997
2016-08-30,16.42634
2016-08-31,16.42634
2016-09-01,16.407457000000001
2016-09-02,16.388579999999997
2016-09-06,16.520748000000001
2016-09-07,16.549063
2016-09-08,16.454664000000001
2016-09-09,16.303617000000003
2016-09-12,16.379139000000002
2016-09-13,16.143126000000002
2016-09-14,16.209209000000001
2016-09-15,16.303617000000003
2016-09-16,16.265855999999999
2016-09-19,16.341376999999998
2016-09-20,16.322495999999997
2016-09-21,16.473545000000001
2016-09-22,16.520748000000001
2016-09-23,16.482980999999999
2016-09-26,16.454664000000001
2016-09-27,16.420548999999998
2016-09-28,16.505829000000002
2016-09-29,16.448978
2016-09-30,16.534254000000001
2016-10-03,16.515301000000001
2016-10-04,16.363701000000002
2016-10-05,16.467924
2016-10-06,16.524778000000001
2016-10-07,16.458455999999998
2016-10-11,16.344749
2016-10-12,16.401599999999998
2016-10-13,16.477404
2016-10-14,16.316319
2016-10-17,16.335273999999998
2016-10-18,16.344749
2016-10-19,16.363701000000002
2016-10-20,16.392126000000001
2016-10-21,16.458455999999998
2016-10-24,16.411076000000001
2016-10-25,16.430025000000001
2016-10-26,16.338728
2016-10-27,16.234112
2016-10-28,16.215094000000001
2016-10-31,16.186561999999999
2016-11-01,16.110481
2016-11-02,16.167542000000001
2016-11-03,16.262648000000002
2016-11-04,16.262648000000002
2016-11-07,16.367256000000001
2016-11-08,16.386278000000001
2016-11-09,16.015378999999999
2016-11-10,15.349654999999998
2016-11-11,15.653983999999999
2016-11-14,15.634962
2016-11-15,15.901253000000001
2016-11-16,15.796639000000001
2016-11-17,15.796639000000001
2016-11-18,15.758595999999999
2016-11-21,15.796639000000001
2016-11-22,15.815657999999999
2016-11-23,15.739575
2016-11-24,15.682514000000001
2016-11-25,15.790463000000001
2016-11-28,15.800014000000001
2016-11-29,15.790463000000001
2016-11-30,15.675827999999999
2016-12-01,15.666276000000002
2016-12-02,15.685382999999998
2016-12-05,15.714042000000001
2016-12-06,15.809564999999999
2016-12-07,15.962404000000001
2016-12-08,15.90509
2016-12-09,15.809564999999999
2016-12-12,15.866880999999999
2016-12-13,15.952852999999999
2016-12-14,15.752248000000002
2016-12-15,15.647170000000001
2016-12-16,15.761797
2016-12-19,15.895538
2016-12-20,15.828670000000001
2016-12-21,15.90509
2016-12-22,15.838220999999999
2016-12-23,15.881403000000001
2016-12-28,15.919788
2016-12-29,15.948573999999999
2016-12-30,15.938978000000001
2017-01-03,15.958173
2017-01-04,15.977361999999999
2017-01-05,16.121304000000002
2017-01-06,15.986962
2017-01-09,16.025345000000002
2017-01-10,16.006153000000001
2017-01-11,16.025345000000002
2017-01-12,16.054131999999999
2017-01-13,16.073324
2017-01-16,16.121304000000002
2017-01-17,16.169285000000002
2017-01-18,16.044535
2017-01-19,15.967765
2017-01-20,16.102115999999999
2017-01-23,16.130901000000001
2017-01-24,16.073324
2017-01-25,16.025345000000002
2017-01-26,15.991628
2017-01-27,16.087963000000002
2017-01-30,16.087963000000002
2017-01-31,16.193932
2017-02-01,16.107230999999999
2017-02-02,16.203565999999999
2017-02-03,16.26136
2017-02-06,16.270998000000002
2017-02-07,16.26136
2017-02-08,16.319165999999999
2017-02-09,16.280633999999999
2017-02-10,16.319165999999999
2017-02-13,16.348064000000001
2017-02-14,16.280633999999999
2017-02-15,16.280633999999999
2017-02-16,16.280633999999999
2017-02-17,16.222832
2017-02-21,16.290265999999999
2017-02-22,16.319165999999999
2017-02-23,16.372353
2017-02-24,16.382026999999997
2017-02-27,16.353014000000002
2017-02-28,16.391697000000001
2017-03-01,16.343344000000002
2017-03-02,16.294991
2017-03-03,16.324001000000003
2017-03-06,16.343344000000002
2017-03-07,16.333672
2017-03-08,16.217623
2017-03-09,16.178942000000003
2017-03-10,16.207954000000001
2017-03-13,16.207954000000001
2017-03-14,16.149932999999997
2017-03-15,16.324001000000003
2017-03-16,16.149932999999997
2017-03-17,16.353014000000002
2017-03-20,16.382026999999997
2017-03-21,16.314332999999998
2017-03-22,16.382026999999997
2017-03-23,16.353014000000002
2017-03-24,16.430376000000003
2017-03-27,16.401368999999999
2017-03-28,16.406220999999999
2017-03-29,16.445053000000001
2017-03-30,16.435345000000002
2017-03-31,16.377098
2017-04-03,16.367392000000002
2017-04-04,16.425633999999999
2017-04-05,16.483879000000002
2017-04-06,16.357682999999998
2017-04-07,16.309141
2017-04-10,16.45476
2017-04-11,16.435345000000002
2017-04-12,16.45476
2017-04-13,16.406220999999999
2017-04-17,16.493591000000002
2017-04-18,16.522714999999998
2017-04-19,16.503298000000001
2017-04-20,16.522714999999998
2017-04-21,16.571251
2017-04-24,16.600376000000001
2017-04-25,16.546779999999998
2017-04-26,16.527288000000002
2017-04-27,16.527288000000002
2017-04-28,16.634481000000001
2017-05-01,16.614989999999999
2017-05-02,16.663719
2017-05-03,16.595503000000001
2017-05-04,16.546779999999998
2017-05-05,16.546779999999998
2017-05-08,16.537032999999997
2017-05-09,16.488314000000003
2017-05-10,16.566273000000002
2017-05-11,16.585760000000001
2017-05-12,16.605246999999999
2017-05-15,16.576017
2017-05-16,16.692951000000001
2017-05-17,16.644226
2017-05-18,16.566273000000002
2017-05-19,16.624737
2017-05-23,16.605246999999999
2017-05-24,16.614989999999999
2017-05-25,16.576017
2017-05-26,16.639596999999998
2017-05-29,16.639596999999998
2017-05-30,16.659162999999999
2017-05-31,16.678723999999999
2017-06-01,16.688507000000001
2017-06-02,16.678723999999999
2017-06-05,16.678723999999999
2017-06-06,16.756985
2017-06-07,16.717855
2017-06-08,16.678723999999999
2017-06-09,16.678723999999999
2017-06-12,16.688507000000001
2017-06-13,16.678723999999999
2017-06-14,16.708073000000002
2017-06-15,16.688507000000001
2017-06-16,16.688507000000001
2017-06-19,16.639596999999998
2017-06-20,16.610250000000001
2017-06-21,16.571123
2017-06-22,16.639596999999998
2017-06-23,16.688507000000001
2017-06-26,16.708073000000002
2017-06-27,16.611856
2017-06-28,16.621675
2017-06-29,16.582404999999998
2017-06-30,16.533317999999998
2017-07-04,16.405684000000001
2017-07-05,16.474411
2017-07-06,16.395866000000002
2017-07-07,16.395866000000002
2017-07-10,16.503861999999998
2017-07-11,16.474411
2017-07-12,16.572585999999998
2017-07-13,16.562770999999998
2017-07-14,16.592223999999998
2017-07-17,16.611856
2017-07-18,16.660948000000001
2017-07-19,16.631495000000001
2017-07-20,16.641314000000001
2017-07-21,16.670767000000001
2017-07-24,16.592223999999998
2017-07-25,16.582404999999998
2017-07-26,16.732185000000001
2017-07-27,16.613937
2017-07-28,16.653354999999998
2017-07-31,16.643501000000001
2017-08-01,16.633645999999999
2017-08-02,16.653354999999998
2017-08-03,16.732185000000001
2017-08-04,16.692772000000001
2017-08-08,16.692772000000001
2017-08-09,16.682917
2017-08-10,16.623792999999999
2017-08-11,16.692772000000001
2017-08-14,16.692772000000001
2017-08-15,16.712479000000002
2017-08-16,16.742041
2017-08-17,16.692772000000001
2017-08-18,16.732185000000001
2017-08-21,16.692772000000001
2017-08-22,16.702627
2017-08-23,16.771604999999997
2017-08-24,16.791311
2017-08-25,16.751894
2017-08-28,16.813213000000001
2017-08-29,16.832992999999998
2017-08-30,16.842883999999998
2017-08-31,16.882442000000001
2017-09-01,16.902225000000001
2017-09-05,16.961563000000002
2017-09-06,16.882442000000001
2017-09-07,16.931895999999998
2017-09-08,16.931895999999998
2017-09-11,16.892333999999998
2017-09-12,16.862665
2017-09-13,16.842883999999998
2017-09-14,16.912115
2017-09-15,16.931895999999998
2017-09-18,16.902225000000001
2017-09-19,16.882442000000001
2017-09-20,16.773652999999999
2017-09-21,16.832992999999998
2017-09-22,16.852776000000002
2017-09-25,16.773652999999999
2017-09-26,16.783542999999998
2017-09-27,16.696189999999998
2017-09-28,16.725968999999999
2017-09-29,16.81531
2017-10-02,16.805382000000002
2017-10-03,16.725968999999999
2017-10-04,16.735897000000001
2017-10-05,16.81531
2017-10-06,16.755748999999998
2017-10-10,16.845086999999999
2017-10-11,16.855013
2017-10-12,16.874866000000001
2017-10-13,16.864939
2017-10-16,16.845086999999999
2017-10-17,16.855013
2017-10-18,16.835159000000001
2017-10-19,16.825232999999997
2017-10-20,16.735897000000001
2017-10-23,16.825232999999997
2017-10-24,16.845086999999999
2017-10-25,16.735897000000001
2017-10-26,16.725968999999999
2017-10-27,16.877409
2017-10-30,16.777779000000002
2017-10-31,16.817629
2017-11-01,16.837557
2017-11-02,16.847519000000002
2017-11-03,16.737925000000001
2017-11-06,16.708036
2017-11-07,16.568554000000002
2017-11-08,16.608405999999999
2017-11-09,16.548628000000001
2017-11-10,16.578516
2017-11-13,16.588480000000001
2017-11-14,16.548628000000001
2017-11-15,16.528701999999999
2017-11-16,16.65822
2017-11-17,16.65822
2017-11-20,16.618370000000002
2017-11-21,16.648257999999998
2017-11-22,16.737925000000001
2017-11-23,16.787741
2017-11-24,16.688110000000002
2017-11-27,16.718
2017-11-28,16.709999
2017-11-29,16.600000000000001
2017-11-30,16.629998999999998
2017-12-01,16.670000000000002
2017-12-04,16.639999
2017-12-05,16.649999999999999
2017-12-06,16.719998999999998
2017-12-07,16.649999999999999
2017-12-08,16.66
2017-12-11,16.639999
2017-12-12,16.68
2017-12-13,16.700001
2017-12-14,16.68
2017-12-15,16.700001
2017-12-18,16.75
2017-12-19,16.700001
2017-12-20,16.68
2017-12-21,16.700001
2017-12-22,16.719998999999998
2017-12-27,16.700001
2017-12-28,16.670000000000002
2017-12-29,16.649999999999999
2018-01-02,16.68
2018-01-03,16.540001
2018-01-04,16.66
2018-01-05,16.719998999999998
